"","plot","mean.height","height.2","mean.height.var","mean.height.rms","transect.length","mode.el","max.el","mode.2","max.can.ht","mean.max.ht","mean.vai","mean.peak.vai","deep.gaps","deep.gap.fraction","porosity","std.std","mean.std","rugosity","top.rugosity","plot","mean.return.ht","sd.return.ht","sky.fraction","cover.fraction","max.ht","scan.density","rumple","clumping.index","enl"
"1","HURON_7097_081312.CSV",20.0048747990986,6.99853214798859,48.9794522264297,21.1744691491963,60,18.8833333333333,4.98771355121469,10.3957156538067,34.914,28.6705666666667,6.78846171538703,2.41878618386886,0,0,0.733333333333333,4415.79883096579,49.2105584393998,44.6555681751807,6.68293734355284,"HURON_7097_081312.CSV",15.5009188424255,9.72547593116123,5.64790706989786,94.3520929301021,34.914,249.766666666667,5.68333333333333,0.958627655200649,30.1724263368498
