"","plot","mean.height","height.2","mean.height.var","mean.height.rms","transect.length","mode.el","max.el","mode.2","max.can.ht","mean.max.ht","mean.vai","mean.peak.vai","deep.gaps","deep.gap.fraction","porosity","std.std","mean.std","rugosity","top.rugosity","plot","mean.return.ht","sd.return.ht","sky.fraction","cover.fraction","max.ht","scan.density","rumple","clumping.index","enl"
"1","HURON_H3_081312.CSV",16.8215265421176,4.2965655535396,18.4604755558631,17.3527103407632,60,16.95,7.39898145853296,4.82375829284559,30.991,20.0574166666667,7.8860288272096,3.7889331473539,0,0,0.764583333333333,207.48458409989,10.0266910480656,10.341665761691,5.77146507937364,"HURON_H3_081312.CSV",13.7571355920602,5.29340366931823,0.164001640016398,99.8359983599836,30.991,244.016666666667,4.31666666666667,0.901165321473885,20.4877657440834
