"","plot","mean.height","height.2","mean.height.var","mean.height.rms","transect.length","mode.el","max.el","mode.2","max.can.ht","mean.max.ht","mean.vai","mean.peak.vai","deep.gaps","deep.gap.fraction","porosity","std.std","mean.std","rugosity","top.rugosity","plot","mean.return.ht","sd.return.ht","sky.fraction","cover.fraction","max.ht","scan.density","rumple","clumping.index","enl"
"1","HURON_7102_081312.CSV",11.2705439993758,3.24131911477415,10.5061496038003,11.7199065334272,60,11.0833333333333,8,4.1672316001201,29.121,14.0719833333333,7.88381481017263,3.42408275652115,0,0,0.756111111111111,453.01710537498,11.3788026883404,17.9872164259731,5.43835486867891,"HURON_7102_081312.CSV",8.0428993217465,4.08423131816667,0.267756482525361,99.7322435174746,29.121,236.65,3.61666666666667,0.77771411406576,14.4327866397064
