"","plot","mean.height","height.2","mean.height.var","mean.height.rms","transect.length","mode.el","max.el","mode.2","max.can.ht","mean.max.ht","mean.vai","mean.peak.vai","deep.gaps","deep.gap.fraction","porosity","std.std","mean.std","rugosity","top.rugosity","plot","mean.return.ht","sd.return.ht","sky.fraction","cover.fraction","max.ht","scan.density","rumple","clumping.index","enl"
"1","HURON_H20014e_081312.CSV",14.5095458785225,8.16910141215401,66.7342178820567,16.6177285607361,60,15.0333333333333,6.1478425624993,11.6516772149294,33.868,24.5900833333333,7.09720870904815,2.86460946872206,0,0,0.771428571428571,4180.04840023866,49.8411738186925,41.1813767692818,8.80934357833054,"HURON_H20014e_081312.CSV",10.9582675525721,9.68766774363499,2.41310160427808,97.5868983957219,33.868,249.45,7.55,0.90925033082714,23.0584467574059
