"","plot","mean.height","height.2","mean.height.var","mean.height.rms","transect.length","mode.el","max.el","mode.2","max.can.ht","mean.max.ht","mean.vai","mean.peak.vai","deep.gaps","deep.gap.fraction","porosity","std.std","mean.std","rugosity","top.rugosity","plot","mean.return.ht","sd.return.ht","sky.fraction","cover.fraction","max.ht","scan.density","rumple","clumping.index","enl"
"1","HURON_7088_081312.CSV",15.6417953450297,6.20305337254432,38.4778711426335,16.8078057730939,60,15.2166666666667,6.89952310301599,7.13333465336067,31.96,21.2507166666667,7.04727328436378,3.05352853317041,0,0,0.753535353535354,950.976123172966,20.9056850733869,22.6699901805302,7.18800542592362,"HURON_7088_081312.CSV",11.6428889800555,7.90788645336384,5.43153873701803,94.568461262982,31.96,279.35,5.3,0.96178231370429,27.0741246020919
