"","plot","mean.height","height.2","mean.height.var","mean.height.rms","transect.length","mode.el","max.el","mode.2","max.can.ht","mean.max.ht","mean.vai","mean.peak.vai","deep.gaps","deep.gap.fraction","porosity","std.std","mean.std","rugosity","top.rugosity","plot","mean.return.ht","sd.return.ht","sky.fraction","cover.fraction","max.ht","scan.density","rumple","clumping.index","enl"
"1","HURON_7096_081312.CSV",13.6024735878553,3.00830143282978,9.04987751076568,13.9257435681985,60,13.55,7.89103353033889,4.23234118005706,27.281,16.3826,7.71767927370833,3.52527872471907,0,0,0.718452380952381,292.974911642049,9.84035876040807,14.0050794752657,4.93222535534744,"HURON_7096_081312.CSV",10.7025988749459,4.08348576071321,0.623521823263817,99.3764781767362,27.281,232.666666666667,4.56666666666667,0.850610309057255,17.2085993385124
