"","plot","mean.height","height.2","mean.height.var","mean.height.rms","transect.length","mode.el","max.el","mode.2","max.can.ht","mean.max.ht","mean.vai","mean.peak.vai","deep.gaps","deep.gap.fraction","porosity","std.std","mean.std","rugosity","top.rugosity","plot","mean.return.ht","sd.return.ht","sky.fraction","cover.fraction","max.ht","scan.density","rumple","clumping.index","enl"
"1","HURON_7106_081312.CSV",12.5551821828802,3.00202513707388,9.01215492362345,12.9032767926165,60,12.1333333333333,6.36210630000196,4.10649203532141,21.638,15.9060333333333,6.8791516543419,2.9199808143205,0,0,0.671739130434783,111.747679154702,7.12878509744784,7.80564553314505,3.25969315373352,"HURON_7106_081312.CSV",10.3385894348894,3.46398588548339,7.5,92.5,22.187,220.116666666667,3.71666666666667,0.86115020121955,15.5073679437769
