"","plot","mean.height","height.2","mean.height.var","mean.height.rms","transect.length","mode.el","max.el","mode.2","max.can.ht","mean.max.ht","mean.vai","mean.peak.vai","deep.gaps","deep.gap.fraction","porosity","std.std","mean.std","rugosity","top.rugosity","plot","mean.return.ht","sd.return.ht","sky.fraction","cover.fraction","max.ht","scan.density","rumple","clumping.index","enl"
"1","HURON_7090_081312.CSV",14.966990285175,7.37022442156578,54.3202080242446,16.656100066353,60,14.25,8,8.23515613757077,31.478,20.8033666666667,6.71730402579398,3.1494601847457,0,0,0.7828125,1051.32634941768,18.500694060469,26.6280053458498,8.7215466303855,"HURON_7090_081312.CSV",12.4164207462687,7.75550621180692,6.65273423894114,93.3472657610589,31.478,239.366666666667,5.18333333333333,0.938862569554808,23.3376727955979
