"","plot","mean.height","height.2","mean.height.var","mean.height.rms","transect.length","mode.el","max.el","mode.2","max.can.ht","mean.max.ht","mean.vai","mean.peak.vai","deep.gaps","deep.gap.fraction","porosity","std.std","mean.std","rugosity","top.rugosity","plot","mean.return.ht","sd.return.ht","sky.fraction","cover.fraction","max.ht","scan.density","rumple","clumping.index","enl"
"1","HURON_7105_081312.CSV",13.1773124786095,3.15260004460204,9.93888704122476,13.5430721434536,60,13.5666666666667,6.92171792603734,4.23210756754561,25.487,16.0786666666667,7.74414358870827,3.4378254027469,0,0,0.692948717948718,239.793104534973,10.0845859626643,11.7513501563271,3.81645770922824,"HURON_7105_081312.CSV",10.0378493662539,4.202566200568,0.727325623681718,99.2726743763183,25.487,229.266666666667,3.55,0.832934256979482,16.3082664013078
