"","plot","mean.height","height.2","mean.height.var","mean.height.rms","transect.length","mode.el","max.el","mode.2","max.can.ht","mean.max.ht","mean.vai","mean.peak.vai","deep.gaps","deep.gap.fraction","porosity","std.std","mean.std","rugosity","top.rugosity","plot","mean.return.ht","sd.return.ht","sky.fraction","cover.fraction","max.ht","scan.density","rumple","clumping.index","enl"
"1","HURON_H20014s_081312.CSV",12.5036337121023,6.49058909277797,42.1277467712884,14.062946834318,60,11.8333333333333,6.42591490648579,9.27757761097602,31.766,20.9899333333333,7.45570885986887,3.45364169503626,0,0,0.779292929292929,3099.87141546622,41.5148353967532,37.0997285360244,8.61351766144093,"HURON_H20014s_081312.CSV",8.56083357719957,7.54637454324624,1.65790790790791,98.3420920920921,31.766,266.516666666667,7.86666666666667,0.896124129161613,20.6163230055058
