"","plot","mean.height","height.2","mean.height.var","mean.height.rms","transect.length","mode.el","max.el","mode.2","max.can.ht","mean.max.ht","mean.vai","mean.peak.vai","deep.gaps","deep.gap.fraction","porosity","std.std","mean.std","rugosity","top.rugosity","plot","mean.return.ht","sd.return.ht","sky.fraction","cover.fraction","max.ht","scan.density","rumple","clumping.index","enl"
"1","HURON_7093_081312.CSV",16.1218273069315,3.07114703704748,9.43194412316553,16.4069515989098,60,16.2333333333333,7.67778163553966,4.15531787793265,26.383,19.24365,7.76914423474323,3.7005898870638,0,0,0.706172839506173,214.955868019634,10.6529589438537,10.0732484214478,3.70161442023635,"HURON_7093_081312.CSV",12.813393706574,4.31273962151907,0.610889774236389,99.3891102257636,26.986,251.116666666667,3.96666666666667,0.833581985692145,16.7264137014617
